{"schemaVersion":"1.0","appDefinitionTemplate":{"id":"/providers/Microsoft.PowerApps/apps/","type":"Microsoft.PowerApps/apps","tags":{"minimumRequiredApiVersion":"2.2.0"},"properties":{"appVersion":"2019-03-31T12:13:35Z","lifeCycleId":"Published","createdByClientVersion":{"major":3,"minor":19033,"build":13,"revision":0,"majorRevision":0,"minorRevision":0},"minClientVersion":{"major":3,"minor":19033,"build":13,"revision":0,"majorRevision":0,"minorRevision":0},"backgroundColor":"rgba(251, 101, 60, 1)","backgroundImageUri":"/12109723591304272405/N797bc267-b6a2-4e8d-b15c-317c54419a3c-logoSmallFile","displayName":"Fidelizaluno - Controle de Presença","description":"","appUris":{"documentUri":{"value":"/12109723591304272405/N2c895f9a-c132-4187-9b3b-a493b50a7f95-document.msapp","readonlyValue":"/12109723591304272405/N2c895f9a-c132-4187-9b3b-a493b50a7f95-document.msapp"},"imageUris":[]},"createdTime":"0001-01-01T00:00:00Z","lastModifiedTime":"0001-01-01T00:00:00Z","sharedGroupsCount":0,"sharedUsersCount":0,"icons":{"smallIconUri":"/12109723591304272405/N3484d7dd-acc7-415c-9866-2061b9644bde-small.png","mediumIconUri":"/12109723591304272405/Ne9864896-a3fc-4561-9a09-d3ca5fd0731e-medium.png","largeIconUri":"/12109723591304272405/N72ca85d6-8d3d-4fb8-8bfc-e938b84f43b5-large.png","wideIconUri":"/12109723591304272405/Ndf16c75b-ba8e-4a3c-8f78-6965eaf8b4aa-wide.png"},"connectionReferences":{"1e6375d8-4172-43a3-ae43-6a0f42a44353":{"id":"e5f506df-f738-404e-87bc-4fe43cf6d13d","displayName":"Usuários do Office 365","iconUri":"https://connectoricons-prod.azureedge.net/office365users/icon_1.0.1002.1175.png","dataSources":["UsuáriosdoOffice365"],"dependencies":[],"dependents":[],"parameterHints":{},"isOnPremiseConnection":false,"bypassConsent":false,"dataSets":{},"apiTier":"Standard","isCustomApiConnection":false},"c9374cf6-97b6-4375-abcf-dbbc40f13910":{"id":"62c8c311-bbd8-45cd-92aa-4f347a0d5e6b","displayName":"SQL Server","iconUri":"https://connectoricons-prod.azureedge.net/sql/icon_1.0.1002.1175.png","dataSources":["[dbo].[Campus]","[dbo].[VW_ProgramsByCampus]","[dbo].[VW_ClassRoomsByPrograms]","[dbo].[VW_CoursesByClassRoom]","[dbo].[VW_Classes]","[dbo].[VW_Presences]","[dbo].[Presence]","[dbo].[VW_Students]"],"dependencies":[],"dependents":[],"parameterHints":{},"isOnPremiseConnection":false,"sharedConnectionId":"6e186ec0-83ff-481a-bce8-d8cacbdf7209","bypassConsent":false,"dataSets":{"default":{"dataSources":{"[dbo].[Campus]":{"tableName":"[dbo].[Campus]"},"[dbo].[VW_ProgramsByCampus]":{"tableName":"[dbo].[VW_ProgramsByCampus]"},"[dbo].[VW_ClassRoomsByPrograms]":{"tableName":"[dbo].[VW_ClassRoomsByPrograms]"},"[dbo].[VW_CoursesByClassRoom]":{"tableName":"[dbo].[VW_CoursesByClassRoom]"},"[dbo].[VW_Classes]":{"tableName":"[dbo].[VW_Classes]"},"[dbo].[VW_Presences]":{"tableName":"[dbo].[VW_Presences]"},"[dbo].[Presence]":{"tableName":"[dbo].[Presence]"},"[dbo].[VW_Students]":{"tableName":"[dbo].[VW_Students]"}}}},"apiTier":"Standard","isCustomApiConnection":false}},"almMode":"Environment"}}}